Unique ID,Reference ID,Image,Title,URL
1,1,icon1.jpg,Paypal,http://example.com/paypal
2,1,icon2.jpg,Reports,http://example.com/reports
3,1,icon3.jpg,Shipping,http://example.com/shipping
4,2,icon4.jpg,SEO,http://example.com/seo
5,2,icon5.jpg,Design,http://example.com/design
6,3,icon6.jpg,Acquia,http://example.com/acquia
7,3,icon7.jpg,Commerce Guys,http://example.com/commerceguys
8,4,icon8.jpg,Drupal Commerce,http://example.com/drupalcommerce
9,4,icon9.jpg,drupalize.me,http://example.com/druplize.me
10,4,icon10.jpg,Acquia training,http://example.com/acquia
